<PropertyList>
 <generic>
  <output>
   <line_separator>newline</line_separator>
   <var_separator>,</var_separator>
	<chunk>
    <name>airspeed-indicator_indicated-speed-kt</name>
	<type>float</type>
	<format>%f</format>
    <node>/instrumentation/airspeed-indicator/indicated-speed-kt</node>
	</chunk>
	<chunk>
    <name>altimeter_indicated-altitude-ft</name>
	<type>float</type>
	<format>%f</format>
    <node>/instrumentation/altimeter/indicated-altitude-ft</node>
	</chunk>
	<chunk>
    <name>altimeter_pressure-alt-ft</name>
	<type>float</type>
	<format>%f</format>
    <node>/instrumentation/altimeter/pressure-alt-ft</node>
	</chunk>
	<chunk>
    <name>attitude-indicator_indicated-pitch-deg</name>
	<type>float</type>
	<format>%f</format>
    <node>/instrumentation/attitude-indicator/indicated-pitch-deg</node>
	</chunk>
	<chunk>
    <name>attitude-indicator_indicated-roll-deg</name>
	<type>float</type>
	<format>%f</format>
    <node>/instrumentation/attitude-indicator/indicated-roll-deg</node>
	</chunk>
	<chunk>
    <name>attitude-indicator_internal-pitch-deg</name>
	<type>float</type>
	<format>%f</format>
    <node>/instrumentation/attitude-indicator/internal-pitch-deg</node>
	</chunk>
	<chunk>
    <name>attitude-indicator_internal-roll-deg</name>
	<type>float</type>
	<format>%f</format>
    <node>/instrumentation/attitude-indicator/internal-roll-deg</node>
	</chunk>
	<chunk>
    <name>encoder_indicated-altitude-ft</name>
	<type>float</type>
	<format>%f</format>
    <node>/instrumentation/encoder/indicated-altitude-ft</node>
	</chunk>
	<chunk>
    <name>encoder_pressure-alt-ft</name>
	<type>float</type>
	<format>%f</format>
    <node>/instrumentation/encoder/pressure-alt-ft</node>
	</chunk>
	<chunk>
    <name>gps_indicated-altitude-ft</name>
	<type>float</type>
	<format>%f</format>
    <node>/instrumentation/gps/indicated-altitude-ft</node>
	</chunk>
	<chunk>
    <name>gps_indicated-ground-speed-kt</name>
	<type>float</type>
	<format>%f</format>
    <node>/instrumentation/gps/indicated-ground-speed-kt</node>
	</chunk>
	<chunk>
    <name>gps_indicated-vertical-speed</name>
	<type>float</type>
	<format>%f</format>
    <node>/instrumentation/gps/indicated-vertical-speed</node>
	</chunk>
	<chunk>
    <name>indicated-heading-deg</name>
	<type>float</type>
	<format>%f</format>
    <node>/instrumentation/heading-indicator/indicated-heading-deg</node>
	</chunk>
	<chunk>
    <name>magnetic-compass_indicated-heading-deg</name>
	<type>float</type>
	<format>%f</format>
    <node>/instrumentation/magnetic-compass/indicated-heading-deg</node>
	</chunk>
	<chunk>
    <name>slip-skid-ball_indicated-slip-skid</name>
	<type>float</type>
	<format>%f</format>
    <node>/instrumentation/slip-skid-ball/indicated-slip-skid</node>
	</chunk>
	<chunk>
    <name>turn-indicator_indicated-turn-rate</name>
	<type>float</type>
	<format>%f</format>
    <node>/instrumentation/turn-indicator/indicated-turn-rate</node>
	</chunk>
	<chunk>
    <name>vertical-speed-indicator_indicated-speed-fpm</name>
	<type>float</type>
	<format>%f</format>
    <node>/instrumentation/vertical-speed-indicator/indicated-speed-fpm</node>
	</chunk>
	<chunk>
    <name>flight_aileron</name>
	<type>float</type>
	<format>%f</format>
    <node>/controls/flight/aileron</node>
	</chunk>
	<chunk>
    <name>flight_elevator</name>
	<type>float</type>
	<format>%f</format>
    <node>/controls/flight/elevator</node>
	</chunk>
	<chunk>
    <name>flight_rudder</name>
	<type>float</type>
	<format>%f</format>
    <node>/controls/flight/rudder</node>
	</chunk>
	<chunk>
    <name>flight_flaps</name>
	<type>float</type>
	<format>%f</format>
    <node>/controls/flight/flaps</node>
	</chunk>
	<chunk>
    <name>engine_throttle</name>
	<type>float</type>
	<format>%f</format>
    <node>/controls/engines/engine/throttle</node>
	</chunk>
	<chunk>
    <name>engine_rpm</name>
	<type>float</type>
	<format>%f</format>
    <node>/engines/engine/rpm</node>
	</chunk>
</output></generic></PropertyList>
